{"cameraMode":{"drawMode":0,"name":"Shaded","section":"Shading Mode"},"sceneLighting":true,"audioPlay":true,"sceneViewState":{"m_AlwaysRefresh":false,"showFog":true,"showSkybox":true,"showFlares":true,"showImageEffects":true,"showParticleSystems":true,"showVisualEffectGraphs":true,"m_FxEnabled":true},"in2DMode":false,"pivot":{"x":30.789867401123048,"y":13.413527488708496,"z":79.47037506103516},"rotation":{"x":-0.13586217164993287,"y":-0.05791709944605827,"z":0.007914132438600064,"w":-0.9890655279159546},"size":15.258949279785157,"orthographic":false}