{"cameraMode":{"drawMode":0,"name":"Shaded","section":"Shading Mode"},"sceneLighting":true,"audioPlay":false,"sceneViewState":{"m_AlwaysRefresh":false,"showFog":true,"showSkybox":true,"showFlares":true,"showImageEffects":true,"showParticleSystems":true,"showVisualEffectGraphs":true,"m_FxEnabled":true},"in2DMode":false,"pivot":{"x":29.97616958618164,"y":14.692113876342774,"z":51.461090087890628},"rotation":{"x":-0.39972469210624697,"y":-0.35862794518470766,"z":0.17360912263393403,"w":-0.8255525231361389},"size":4.088890552520752,"orthographic":false}