{"cameraMode":{"drawMode":0,"name":"Shaded","section":"Shading Mode"},"sceneLighting":true,"audioPlay":false,"sceneViewState":{"m_AlwaysRefresh":false,"showFog":true,"showSkybox":true,"showFlares":true,"showImageEffects":true,"showParticleSystems":true,"showVisualEffectGraphs":true,"m_FxEnabled":true},"in2DMode":false,"pivot":{"x":24.231843948364259,"y":17.228303909301759,"z":68.3503646850586},"rotation":{"x":0.29636284708976748,"y":0.014613269828259945,"z":-0.004513603635132313,"w":0.9549869298934937},"size":1.5268720388412476,"orthographic":false}