{"cameraMode":{"drawMode":0,"name":"Shaded","section":"Shading Mode"},"sceneLighting":true,"audioPlay":false,"sceneViewState":{"m_AlwaysRefresh":false,"showFog":true,"showSkybox":true,"showFlares":true,"showImageEffects":true,"showParticleSystems":true,"showVisualEffectGraphs":true,"m_FxEnabled":true},"in2DMode":false,"pivot":{"x":27.448408126831056,"y":22.526451110839845,"z":47.85166549682617},"rotation":{"x":0.48595142364501955,"y":0.16984979808330537,"z":-0.09687113016843796,"w":0.8518669605255127},"size":1.2266607284545899,"orthographic":false}