{"cameraMode":{"drawMode":0,"name":"Shaded","section":"Shading Mode"},"sceneLighting":true,"audioPlay":false,"sceneViewState":{"m_AlwaysRefresh":false,"showFog":true,"showSkybox":true,"showFlares":true,"showImageEffects":true,"showParticleSystems":true,"showVisualEffectGraphs":true,"m_FxEnabled":true},"in2DMode":false,"pivot":{"x":1009.0709228515625,"y":970.9383544921875,"z":952.3760375976563},"rotation":{"x":0.0030116334091871979,"y":0.9910151958465576,"z":-0.13189055025577546,"w":0.022599708288908006},"size":139.63284301757813,"orthographic":false}