{"cameraMode":{"drawMode":0,"name":"Shaded","section":"Shading Mode"},"sceneLighting":true,"audioPlay":false,"sceneViewState":{"m_AlwaysRefresh":false,"showFog":true,"showSkybox":true,"showFlares":true,"showImageEffects":true,"showParticleSystems":true,"showVisualEffectGraphs":true,"m_FxEnabled":true},"in2DMode":false,"pivot":{"x":25.00108528137207,"y":18.281875610351564,"z":49.77696990966797},"rotation":{"x":0.0038847981486469509,"y":0.10776787996292114,"z":-0.000424051599111408,"w":0.9942074418067932},"size":2.48164963722229,"orthographic":false}