{"cameraMode":{"drawMode":0,"name":"Shaded","section":"Shading Mode"},"sceneLighting":true,"audioPlay":false,"sceneViewState":{"m_AlwaysRefresh":false,"showFog":true,"showSkybox":true,"showFlares":true,"showImageEffects":true,"showParticleSystems":true,"showVisualEffectGraphs":true,"m_FxEnabled":true},"in2DMode":false,"pivot":{"x":23.521459579467775,"y":17.974746704101564,"z":66.62185668945313},"rotation":{"x":0.178062304854393,"y":0.06579533964395523,"z":-0.011887183412909508,"w":0.9817845821380615},"size":0.7227255702018738,"orthographic":false}