{"cameraMode":{"drawMode":0,"name":"Shaded","section":"Shading Mode"},"sceneLighting":true,"audioPlay":false,"sceneViewState":{"m_AlwaysRefresh":false,"showFog":true,"showSkybox":true,"showFlares":true,"showImageEffects":true,"showParticleSystems":true,"showVisualEffectGraphs":true,"m_FxEnabled":true},"in2DMode":false,"pivot":{"x":26.473594665527345,"y":22.517271041870118,"z":53.3014030456543},"rotation":{"x":-0.44664376974105837,"y":-0.0806574821472168,"z":0.040329065173864368,"w":-0.8902219533920288},"size":0.7772745490074158,"orthographic":false}