{"cameraMode":{"drawMode":0,"name":"Shaded","section":"Shading Mode"},"sceneLighting":true,"audioPlay":false,"sceneViewState":{"m_AlwaysRefresh":false,"showFog":true,"showSkybox":true,"showFlares":true,"showImageEffects":true,"showParticleSystems":true,"showVisualEffectGraphs":true,"m_FxEnabled":true},"in2DMode":false,"pivot":{"x":14.948406219482422,"y":14.392827987670899,"z":-24.844398498535158},"rotation":{"x":-0.5144668221473694,"y":0.13318414986133576,"z":-0.08127890527248383,"w":-0.8432625532150269},"size":7.705693244934082,"orthographic":false}