{"cameraMode":{"drawMode":0,"name":"Shaded","section":"Shading Mode"},"sceneLighting":true,"audioPlay":false,"sceneViewState":{"m_AlwaysRefresh":false,"showFog":true,"showSkybox":true,"showFlares":true,"showImageEffects":true,"showParticleSystems":true,"showVisualEffectGraphs":true,"m_FxEnabled":true},"in2DMode":false,"pivot":{"x":14.00752067565918,"y":7.435674667358398,"z":82.87867736816406},"rotation":{"x":0.21558992564678193,"y":-0.1720985323190689,"z":0.038676366209983829,"w":0.9604874849319458},"size":15.648286819458008,"orthographic":false}