{"cameraMode":{"drawMode":0,"name":"Shaded","section":"Shading Mode"},"sceneLighting":true,"audioPlay":false,"sceneViewState":{"m_AlwaysRefresh":false,"showFog":true,"showSkybox":true,"showFlares":true,"showImageEffects":true,"showParticleSystems":true,"showVisualEffectGraphs":true,"m_FxEnabled":true},"in2DMode":false,"pivot":{"x":774.612060546875,"y":1189.967041015625,"z":-1557.7288818359375},"rotation":{"x":-0.17425470054149629,"y":-0.02392226830124855,"z":0.0042240251787006859,"w":-0.9844159483909607},"size":4.426982879638672,"orthographic":false}