{"cameraMode":{"drawMode":0,"name":"Shaded","section":"Shading Mode"},"sceneLighting":true,"audioPlay":false,"sceneViewState":{"m_AlwaysRefresh":false,"showFog":true,"showSkybox":true,"showFlares":true,"showImageEffects":true,"showParticleSystems":true,"showVisualEffectGraphs":true,"m_FxEnabled":true},"in2DMode":false,"pivot":{"x":30.32801055908203,"y":23.942869186401368,"z":64.24148559570313},"rotation":{"x":0.6111578941345215,"y":-0.17529045045375825,"z":0.14135335385799409,"w":0.7588986754417419},"size":0.4072020649909973,"orthographic":false}