{"cameraMode":{"drawMode":0,"name":"Shaded","section":"Shading Mode"},"sceneLighting":true,"audioPlay":false,"sceneViewState":{"m_AlwaysRefresh":false,"showFog":true,"showSkybox":true,"showFlares":true,"showImageEffects":true,"showParticleSystems":true,"showVisualEffectGraphs":true,"m_FxEnabled":true},"in2DMode":false,"pivot":{"x":20.516172409057618,"y":19.221342086791993,"z":68.58826446533203},"rotation":{"x":0.3929862082004547,"y":0.29502880573272707,"z":-0.1347203254699707,"w":0.8604854941368103},"size":1.5268720388412476,"orthographic":false}