{"cameraMode":{"drawMode":0,"name":"Shaded","section":"Shading Mode"},"sceneLighting":false,"audioPlay":false,"sceneViewState":{"m_AlwaysRefresh":false,"showFog":true,"showSkybox":true,"showFlares":true,"showImageEffects":true,"showParticleSystems":true,"showVisualEffectGraphs":true,"m_FxEnabled":true},"in2DMode":false,"pivot":{"x":18.01971435546875,"y":16.712512969970704,"z":64.1808090209961},"rotation":{"x":0.45981982350349429,"y":0.14486052095890046,"z":-0.07615578174591065,"w":0.8729087710380554},"size":1.6323611736297608,"orthographic":false}