{"cameraMode":{"drawMode":0,"name":"Shaded","section":"Shading Mode"},"sceneLighting":false,"audioPlay":false,"sceneViewState":{"m_AlwaysRefresh":false,"showFog":true,"showSkybox":true,"showFlares":true,"showImageEffects":true,"showParticleSystems":true,"showVisualEffectGraphs":true,"m_FxEnabled":true},"in2DMode":false,"pivot":{"x":30.667648315429689,"y":3.685004472732544,"z":70.41883850097656},"rotation":{"x":-0.06746485084295273,"y":0.9205907583236694,"z":-0.18545080721378327,"w":-0.33746612071990969},"size":0.2349540740251541,"orthographic":false}