{"cameraMode":{"drawMode":0,"name":"Shaded","section":"Shading Mode"},"sceneLighting":false,"audioPlay":true,"sceneViewState":{"m_AlwaysRefresh":false,"showFog":true,"showSkybox":false,"showFlares":true,"showImageEffects":true,"showParticleSystems":true,"showVisualEffectGraphs":true,"m_FxEnabled":true},"in2DMode":false,"pivot":{"x":-0.206894189119339,"y":1.1585463285446168,"z":-1.3284263610839844},"rotation":{"x":0.002101464429870248,"y":-0.9978503584861755,"z":0.05274420604109764,"w":0.04042580723762512},"size":1.0307763814926148,"orthographic":false}