{"cameraMode":{"drawMode":0,"name":"Shaded","section":"Shading Mode"},"sceneLighting":false,"audioPlay":false,"sceneViewState":{"m_AlwaysRefresh":false,"showFog":true,"showSkybox":false,"showFlares":true,"showImageEffects":true,"showParticleSystems":true,"showVisualEffectGraphs":true,"m_FxEnabled":true},"in2DMode":false,"pivot":{"x":-0.7565747499465942,"y":7.272548198699951,"z":3.5553996562957765},"rotation":{"x":0.31704309582710268,"y":0.6442152857780457,"z":-0.33468571305274966,"w":0.6103671789169312},"size":0.20076584815979005,"orthographic":false}